year,material,commodity,region,supply_avail_kt,import_need_kt,export_cap_raw_kt,exportable_kt
1995,nickel,concentrates,China,483.06224999999995,122.9664,483.06224999999995,483.06224999999995
1995,nickel,concentrates,EU27,66593.09605000001,164254.44799999997,66593.09605000001,66593.09605000001
1995,nickel,concentrates,RoW,5006517.6726,4909216.4165,5006517.6726,5006517.6726
1995,nickel,refined_metal,China,7590.47875,2275.6976,7590.47875,7590.47875
1995,nickel,refined_metal,EU27,74547.84695,301231.963,74547.84695,74547.84695
1995,nickel,refined_metal,RoW,769687.0974,548317.7625,769687.0974,769687.0974
1995,nickel,scrap,China,796.9340000000001,568.57,796.9340000000001,796.9340000000001
1995,nickel,scrap,EU27,50598.395000000004,61760.978,50598.395000000004,50598.395000000004
1995,nickel,scrap,RoW,64023.136,53088.917,64023.136,64023.136
1995,tin,concentrates,China,2820.069,110.73400000000001,2820.069,2820.069
1995,tin,concentrates,EU27,10649.164,3202.217,10649.164,10649.164
1995,tin,concentrates,RoW,151820.45399999997,161976.73599999998,151820.45399999997,151820.45399999997
1995,tin,refined_metal,China,66799.701,6772.143,66799.701,66799.701
1995,tin,refined_metal,EU27,23925.548,78598.42300000001,23925.548,23925.548
1995,tin,refined_metal,RoW,218965.99200000003,224320.67500000002,218965.99200000003,218965.99200000003
1995,tin,scrap,China,44.041,1449.128,44.041,44.041
1995,tin,scrap,EU27,4916.695999999999,6121.733,4916.695999999999,4916.695999999999
1995,tin,scrap,RoW,31364.775999999998,28754.652,31364.775999999998,31364.775999999998
1995,zinc,concentrates,China,209378.7028,90992.6793,209378.7028,209378.7028
1995,zinc,concentrates,EU27,1199471.1886999998,3298453.1063,1199471.1886999998,1199471.1886999998
1995,zinc,concentrates,RoW,5182105.7728,3201509.8787000002,5182105.7728,5182105.7728
1995,zinc,refined_metal,China,286429.6867,15624.8007,286429.6867,286429.6867
1995,zinc,refined_metal,EU27,1289182.0463,1195686.9142,1289182.0463,1289182.0463
1995,zinc,refined_metal,RoW,1881618.2337,2245918.2517999997,1881618.2337,1881618.2337
1995,zinc,scrap,China,11069.1775,22482.382,11069.1775,11069.1775
1995,zinc,scrap,EU27,261030.60499999998,203684.9145,261030.60499999998,261030.60499999998
1995,zinc,scrap,RoW,246292.4005,292224.8865,246292.4005,246292.4005
1996,nickel,concentrates,China,53.7162,8403.98695,375.7257375,53.7162
1996,nickel,concentrates,EU27,42401.41275,214957.23289999994,60545.175225000006,42401.41275
1996,nickel,concentrates,RoW,6094896.29185,5913990.2009499995,5822801.6370375,5822801.6370375
1996,nickel,refined_metal,China,739.4818,21858.41905,5877.7295125,739.4818
1996,nickel,refined_metal,EU27,86817.56324999999,246899.99910000002,83750.134175,83750.134175
1996,nickel,refined_metal,RoW,699773.30415,518571.93105,752208.6490875,699773.30415
1996,nickel,scrap,China,159.305,265.71000000000004,637.52675,159.305
1996,nickel,scrap,EU27,29807.593999999997,44927.785,45400.69475,29807.593999999997
1996,nickel,scrap,RoW,72878.695,57652.099,70664.80525,70664.80525
1996,tin,concentrates,China,5194.932,491.081,4601.2162499999995,4601.2162499999995
1996,tin,concentrates,EU27,12349.431,103378.531,11924.36425,11924.36425
1996,tin,concentrates,RoW,282722.685,196397.436,249997.12725,249997.12725
1996,tin,refined_metal,China,51882.93,7876.079,63070.50825,51882.93
1996,tin,refined_metal,EU27,25119.594999999998,81755.504,24821.083249999996,24821.083249999996
1996,tin,refined_metal,RoW,235388.722,222759.664,231283.0395,231283.0395
1996,tin,scrap,China,78.141,831.1220000000001,69.616,69.616
1996,tin,scrap,EU27,5725.378,5772.891,5523.2074999999995,5523.2074999999995
1996,tin,scrap,RoW,21864.487999999998,21063.994,28989.703999999998,21864.487999999998
1996,zinc,concentrates,China,98083.96680000001,287645.63670000003,181555.0188,98083.96680000001
1996,zinc,concentrates,EU27,2081402.4392,4599772.88,1860919.626575,1860919.626575
1996,zinc,concentrates,RoW,5937072.8488,3229140.7380999997,5748331.0798,5748331.0798
1996,zinc,refined_metal,China,263018.2322,14971.709799999999,280576.823075,263018.2322
1996,zinc,refined_metal,EU27,1427353.8668,1230324.9394999999,1392810.911675,1392810.911675
1996,zinc,refined_metal,RoW,1915342.1546999998,2360417.6044,1906911.1744499998,1906911.1744499998
1996,zinc,scrap,China,3966.888,21057.6855,9293.605125,3966.888
1996,zinc,scrap,EU27,304694.14300000004,234467.0475,293778.2585,293778.2585
1996,zinc,scrap,RoW,214397.4595,267533.7575,238318.66525,214397.4595
1997,nickel,concentrates,China,4053.72325,29826.1625,2268.39275,2268.39275
1997,nickel,concentrates,EU27,58925.9912,248396.19514999999,62759.543625000006,58925.9912
1997,nickel,concentrates,RoW,6373090.8647,6157848.2215,6233993.578275,6233993.578275
1997,nickel,refined_metal,China,6954.938749999999,4645.1585,7272.70875,6954.938749999999
1997,nickel,refined_metal,EU27,108517.9888,304186.49985,97667.776025,97667.776025
1997,nickel,refined_metal,RoW,729718.9223,536360.1915000001,749703.00985,729718.9223
1997,nickel,scrap,China,870.778,500.214,833.856,833.856
1997,nickel,scrap,EU27,30291.825,40897.447,40445.11,30291.825
1997,nickel,scrap,RoW,182504.669,172269.611,127691.682,127691.682
1997,tin,concentrates,China,3132.562,632.1,4163.746999999999,3132.562
1997,tin,concentrates,EU27,8869.291000000001,2502.589,11499.2975,8869.291000000001
1997,tin,concentrates,RoW,85103.56800000001,93970.73200000002,217271.56949999998,85103.56800000001
1997,tin,refined_metal,China,48016.218,9628.095,59341.3155,48016.218
1997,tin,refined_metal,EU27,26181.928999999996,81281.10800000001,25650.761999999995,25650.761999999995
1997,tin,refined_metal,RoW,252827.771,236116.715,244108.2465,244108.2465
1997,tin,scrap,China,144.159,435.343,111.15,111.15
1997,tin,scrap,EU27,4228.079,5117.234,5321.036999999999,4228.079
1997,tin,scrap,RoW,16706.686999999998,15526.347999999998,26614.631999999998,16706.686999999998
1997,zinc,concentrates,China,410803.8594,218417.35629999998,310091.2811,310091.2811
1997,zinc,concentrates,EU27,2375054.6703,4945246.310699999,2228228.55475,2228228.55475
1997,zinc,concentrates,RoW,5871818.487199999,3494013.3499,5904445.668,5871818.487199999
1997,zinc,refined_metal,China,639402.0161,11605.9337,462915.85140000004,462915.85140000004
1997,zinc,refined_metal,EU27,1451882.9847000001,1331359.4628,1439618.42575,1439618.42575
1997,zinc,refined_metal,RoW,2108953.8018,2857273.4061,2012147.97825,2012147.97825
1997,zinc,scrap,China,2068.5385,22152.106,7518.03275,2068.5385
1997,zinc,scrap,EU27,441853.051,311038.08749999997,373273.597,373273.597
1997,zinc,scrap,RoW,217961.43199999997,328692.828,232126.91624999998,217961.43199999997
1998,nickel,concentrates,China,66.50925,2000.1354999999999,1375.7275,66.50925
1998,nickel,concentrates,EU27,74474.6297,266161.97079999995,68563.4794625,68563.4794625
1998,nickel,concentrates,RoW,5946525.1623,5752904.194949999,6164444.9350625,5946525.1623
1998,nickel,refined_metal,China,12385.58475,8219.8315,8789.25525,8789.25525
1998,nickel,refined_metal,EU27,113649.22129999999,355626.2652,109800.796925,109800.796925
1998,nickel,refined_metal,RoW,798053.8387000001,560242.54805,776778.782725,776778.782725
1998,nickel,scrap,China,757.6320000000001,346.877,815.3950000000001,757.6320000000001
1998,nickel,scrap,EU27,26524.657,37226.731,35368.4675,26524.657
1998,nickel,scrap,RoW,114644.84,104353.52100000001,131609.79725,114644.84
1998,tin,concentrates,China,515.812,623.615,3648.1544999999996,515.812
1998,tin,concentrates,EU27,15863.24,11041.239000000001,13227.88325,13227.88325
1998,tin,concentrates,RoW,58004.052,62718.25,184546.01174999998,58004.052
1998,tin,refined_metal,China,69336.04800000001,9472.908,67433.78775,67433.78775
1998,tin,refined_metal,EU27,26486.254,87081.07,26258.01025,26258.01025
1998,tin,refined_metal,RoW,228775.232,228043.55599999998,239748.48425,228775.232
1998,tin,scrap,China,474.154,894.847,226.65775,226.65775
1998,tin,scrap,EU27,5052.1990000000005,7559.438,5220.493750000001,5052.1990000000005
1998,tin,scrap,RoW,20823.293,17895.361,24239.559999999998,20823.293
1998,zinc,concentrates,China,227370.79849999998,61479.7962,273229.063725,227370.79849999998
1998,zinc,concentrates,EU27,1704360.7763000003,4383964.4101,2154815.496975,1704360.7763000003
1998,zinc,concentrates,RoW,6128319.5542,3614606.9227,5984884.52515,5984884.52515
1998,zinc,refined_metal,China,529000.3495,13442.371799999999,556600.76615,529000.3495
1998,zinc,refined_metal,EU27,1339714.6472,1618501.9888999998,1433486.146275,1339714.6472
1998,zinc,refined_metal,RoW,2340355.7383,2577126.3743000003,2166804.285925,2166804.285925
1998,zinc,scrap,China,5977.3859999999995,38658.539,7250.333874999999,5977.3859999999995
1998,zinc,scrap,EU27,329577.3555,268167.756,357646.279375,329577.3555
1998,zinc,scrap,RoW,227329.3355,256057.782,232070.10174999997,227329.3355
1999,nickel,concentrates,China,514.6943,315.187,514.6943,514.6943
1999,nickel,concentrates,EU27,18385.2587,276382.976,66593.09605000001,18385.2587
1999,nickel,concentrates,RoW,7019016.05205,6761217.84205,6373090.8647,6373090.8647
1999,nickel,refined_metal,China,18671.7517,5025.353,12385.58475,12385.58475
1999,nickel,refined_metal,EU27,131717.7583,374183.801,113649.22129999999,113649.22129999999
1999,nickel,refined_metal,RoW,806310.87595,577491.2319499999,798053.8387000001,798053.8387000001
1999,nickel,scrap,China,1202.378,966.6139999999999,870.778,870.778
1999,nickel,scrap,EU27,32181.014000000003,31262.601000000002,32181.014000000003,32181.014000000003
1999,nickel,scrap,RoW,130042.89100000002,131197.06800000003,130042.89100000002,130042.89100000002
1999,tin,concentrates,China,3438.533,1226.267,3438.533,3438.533
1999,tin,concentrates,EU27,6220.438,1666.384,12349.431,6220.438
1999,tin,concentrates,RoW,100963.34599999999,107729.666,151820.45399999997,100963.34599999999
1999,tin,refined_metal,China,72252.24100000001,10040.185000000001,69336.04800000001,69336.04800000001
1999,tin,refined_metal,EU27,33742.447,75246.263,26486.254,26486.254
1999,tin,refined_metal,RoW,226290.17700000003,246998.41700000002,235388.722,226290.17700000003
1999,tin,scrap,China,704.479,884.518,474.154,474.154
1999,tin,scrap,EU27,5176.123,6777.237999999999,5176.123,5176.123
1999,tin,scrap,RoW,89197.456,87416.302,31364.775999999998,31364.775999999998
1999,zinc,concentrates,China,248678.30109999998,50825.7596,248678.30109999998,248678.30109999998
1999,zinc,concentrates,EU27,1653898.4837000002,4230823.926100001,2081402.4392,1653898.4837000002
1999,zinc,concentrates,RoW,6377370.5579,3998297.657,6128319.5542,6128319.5542
1999,zinc,refined_metal,China,565709.3274000001,17745.2239,565709.3274000001,565709.3274000001
1999,zinc,refined_metal,EU27,1340389.5193,1447098.4279,1427353.8668,1340389.5193
1999,zinc,refined_metal,RoW,5402011.513599999,5843266.7085,2340355.7383,2340355.7383
1999,zinc,scrap,China,10747.789499999999,40828.42049999999,10747.789499999999,10747.789499999999
1999,zinc,scrap,EU27,348172.19,262448.874,348172.19,348172.19
1999,zinc,scrap,RoW,372556.7605,428199.44550000003,246292.4005,246292.4005
2000,nickel,concentrates,China,222.27550000000002,2382.16485,514.6943,222.27550000000002
2000,nickel,concentrates,EU27,32764.28155,260070.40005,58925.9912,32764.28155
2000,nickel,concentrates,RoW,8089310.270449999,7859844.262599999,7019016.05205,7019016.05205
2000,nickel,refined_metal,China,12227.193500000001,12974.30015,12385.58475,12227.193500000001
2000,nickel,refined_metal,EU27,123479.30945000002,408013.99595,123479.30945000002,123479.30945000002
2000,nickel,refined_metal,RoW,938911.05755,653629.2644000001,806310.87595,806310.87595
2000,nickel,scrap,China,1620.1960000000001,464.663,1202.378,1202.378
2000,nickel,scrap,EU27,50784.236999999994,51948.436,32181.014000000003,32181.014000000003
2000,nickel,scrap,RoW,85637.914,85629.248,130042.89100000002,85637.914
2000,tin,concentrates,China,3052.376,2049.721,3438.533,3052.376
2000,tin,concentrates,EU27,15817.754,1602.913,15817.754,15817.754
2000,tin,concentrates,RoW,67426.52,82644.016,100963.34599999999,67426.52
2000,tin,refined_metal,China,86814.44099999999,11846.654,72252.24100000001,72252.24100000001
2000,tin,refined_metal,EU27,23134.928,78997.784,26486.254,23134.928
2000,tin,refined_metal,RoW,235995.948,255100.87900000002,235995.948,235995.948
2000,tin,scrap,China,1402.511,433.76,704.479,704.479
2000,tin,scrap,EU27,7994.767,10141.364,5725.378,5725.378
2000,tin,scrap,RoW,29326.028000000002,28148.182,29326.028000000002,29326.028000000002
2000,zinc,concentrates,China,178046.5848,97742.2043,248678.30109999998,178046.5848
2000,zinc,concentrates,EU27,1697402.7362000002,4290686.7062,2081402.4392,1697402.7362000002
2000,zinc,concentrates,RoW,6452980.120200001,3940000.5307,6377370.5579,6377370.5579
2000,zinc,refined_metal,China,692966.4996999999,28829.2787,639402.0161,639402.0161
2000,zinc,refined_metal,EU27,1341009.2337999998,1585478.1842999998,1427353.8668,1341009.2337999998
2000,zinc,refined_metal,RoW,2393949.2007999998,2813617.4713,2393949.2007999998,2393949.2007999998
2000,zinc,scrap,China,10731.4665,65929.68299999999,10731.4665,10731.4665
2000,zinc,scrap,EU27,327271.963,257836.19449999998,348172.19,327271.963
2000,zinc,scrap,RoW,262735.333,276972.885,262735.333,262735.333
2001,nickel,concentrates,China,283.07705,7677.8194,514.6943,283.07705
2001,nickel,concentrates,EU27,43183.0482,314321.54215000005,58925.9912,43183.0482
2001,nickel,concentrates,RoW,7574007.5704499995,7295474.33415,7574007.5704499995,7574007.5704499995
2001,nickel,refined_metal,China,4297.11895,23617.6086,12385.58475,4297.11895
2001,nickel,refined_metal,EU27,146359.6918,502262.00584999996,131717.7583,131717.7583
2001,nickel,refined_metal,RoW,995938.1115499999,620715.30785,938911.05755,938911.05755
2001,nickel,scrap,China,388.696,1010.948,1202.378,388.696
2001,nickel,scrap,EU27,40038.748999999996,42386.356,40038.748999999996,40038.748999999996
2001,nickel,scrap,RoW,78631.629,75661.76999999999,130042.89100000002,78631.629
2001,tin,concentrates,China,8120.5599999999995,2965.643,3438.533,3438.533
2001,tin,concentrates,EU27,4832.979,2403.817,15817.754,4832.979
2001,tin,concentrates,RoW,108914.452,116498.531,100963.34599999999,100963.34599999999
2001,tin,refined_metal,China,74890.06599999999,12136.506000000001,74890.06599999999,74890.06599999999
2001,tin,refined_metal,EU27,22147.542,93339.273,26486.254,22147.542
2001,tin,refined_metal,RoW,219437.99300000002,210999.82200000001,235995.948,219437.99300000002
2001,tin,scrap,China,197.18699999999998,1141.158,704.479,197.18699999999998
2001,tin,scrap,EU27,7355.619000000001,9166.332,7355.619000000001,7355.619000000001
2001,tin,scrap,RoW,39223.683999999994,36469.0,39223.683999999994,39223.683999999994
2001,zinc,concentrates,China,21908.519900000003,670827.734,248678.30109999998,21908.519900000003
2001,zinc,concentrates,EU27,1720651.7539999997,4120133.8465,1720651.7539999997,1720651.7539999997
2001,zinc,concentrates,RoW,7620620.2779,4572218.971299999,6452980.120200001,6452980.120200001
2001,zinc,refined_metal,China,649194.6521,25034.414999999997,649194.6521,649194.6521
2001,zinc,refined_metal,EU27,1366113.902,1622728.7179999999,1366113.902,1366113.902
2001,zinc,refined_metal,RoW,2475190.6316,2842736.0527,2475190.6316,2475190.6316
2001,zinc,scrap,China,2638.781,65093.017,10731.4665,2638.781
2001,zinc,scrap,EU27,346595.90300000005,280994.6005,348172.19,346595.90300000005
2001,zinc,scrap,RoW,236610.92349999998,239757.99,262735.333,236610.92349999998
2002,nickel,concentrates,China,333.66104999999993,15198.683500000001,333.66104999999993,333.66104999999993
2002,nickel,concentrates,EU27,33038.330449999994,214478.28255,43183.0482,33038.330449999994
2002,nickel,concentrates,RoW,6932431.03455,6736126.0600000005,7574007.5704499995,6932431.03455
2002,nickel,refined_metal,China,3293.99295,42018.249500000005,12385.58475,3293.99295
2002,nickel,refined_metal,EU27,135500.64655,556387.3094500001,135500.64655,135500.64655
2002,nickel,refined_metal,RoW,1054504.27745,594893.358,995938.1115499999,995938.1115499999
2002,nickel,scrap,China,474.977,917.696,1202.378,474.977
2002,nickel,scrap,EU27,39091.755,44227.631,40038.748999999996,39091.755
2002,nickel,scrap,RoW,202304.92700000003,196726.33200000002,130042.89100000002,130042.89100000002
2002,tin,concentrates,China,1142.477,3599.2580000000003,3438.533,1142.477
2002,tin,concentrates,EU27,3137.399,1761.3539999999998,15817.754,3137.399
2002,tin,concentrates,RoW,65289.187,64208.451,100963.34599999999,65289.187
2002,tin,refined_metal,China,56056.454000000005,12296.509,74890.06599999999,56056.454000000005
2002,tin,refined_metal,EU27,23797.519,224610.50699999998,26486.254,23797.519
2002,tin,refined_metal,RoW,418930.681,261877.638,235995.948,235995.948
2002,tin,scrap,China,82.587,981.428,704.479,82.587
2002,tin,scrap,EU27,8650.287,12364.369999999999,7994.767,7994.767
2002,tin,scrap,RoW,38244.77099999999,33631.846999999994,39223.683999999994,38244.77099999999
2002,zinc,concentrates,China,18342.555099999998,759363.4425,227370.79849999998,18342.555099999998
2002,zinc,concentrates,EU27,1571085.8747,4313546.916200001,1704360.7763000003,1571085.8747
2002,zinc,concentrates,RoW,7922258.8761,4438776.947199999,7620620.2779,7620620.2779
2002,zinc,refined_metal,China,573434.6184,76988.11750000001,649194.6521,573434.6184
2002,zinc,refined_metal,EU27,1430036.9383,1628575.9183,1366113.902,1366113.902
2002,zinc,refined_metal,RoW,3125991.8529,3423899.3738,3125991.8529,3125991.8529
2002,zinc,scrap,China,4391.3015000000005,75853.406,10731.4665,4391.3015000000005
2002,zinc,scrap,EU27,349434.218,289755.5965,348172.19,348172.19
2002,zinc,scrap,RoW,349281.144,337497.66099999996,349281.144,349281.144
2003,nickel,concentrates,China,11.4677,10640.0297,333.66104999999993,11.4677
2003,nickel,concentrates,EU27,42953.67425,218634.9985,42953.67425,42953.67425
2003,nickel,concentrates,RoW,8498417.7642,8312107.87795,8089310.270449999,8089310.270449999
2003,nickel,refined_metal,China,7654.940300000001,67814.7173,12227.193500000001,7654.940300000001
2003,nickel,refined_metal,EU27,116087.19375,479865.7785,135500.64655,116087.19375
2003,nickel,refined_metal,RoW,1087136.3147999998,663197.95305,1054504.27745,1054504.27745
2003,nickel,scrap,China,474.29900000000004,691.8870000000001,1202.378,474.29900000000004
2003,nickel,scrap,EU27,39334.106,38308.202000000005,40038.748999999996,39334.106
2003,nickel,scrap,RoW,99494.619,100302.935,130042.89100000002,99494.619
2003,tin,concentrates,China,451.882,3100.46,3438.533,451.882
2003,tin,concentrates,EU27,1543.214,638.758,6220.438,1543.214
2003,tin,concentrates,RoW,35592.133,33848.011,100963.34599999999,35592.133
2003,tin,refined_metal,China,49503.06,13447.837,74890.06599999999,49503.06
2003,tin,refined_metal,EU27,22258.251,90545.931,23797.519,22258.251
2003,tin,refined_metal,RoW,258511.16999999998,226278.713,258511.16999999998,258511.16999999998
2003,tin,scrap,China,48.165,1781.96,704.479,48.165
2003,tin,scrap,EU27,5687.7,8337.129,7994.767,5687.7
2003,tin,scrap,RoW,18662.494,14279.27,39223.683999999994,18662.494
2003,zinc,concentrates,China,12152.2065,737628.4397,178046.5848,12152.2065
2003,zinc,concentrates,EU27,2234088.7203,4856335.7175,1720651.7539999997,1720651.7539999997
2003,zinc,concentrates,RoW,7811677.2456,4463954.0152,7811677.2456,7811677.2456
2003,zinc,refined_metal,China,533207.8975000001,128763.1683,649194.6521,533207.8975000001
2003,zinc,refined_metal,EU27,1565069.2432,1748630.315,1430036.9383,1430036.9383
2003,zinc,refined_metal,RoW,2798363.1314,3019246.7888,3125991.8529,2798363.1314
2003,zinc,scrap,China,3338.091,115497.807,10731.4665,3338.091
2003,zinc,scrap,EU27,372306.5735,283144.29850000003,349434.218,349434.218
2003,zinc,scrap,RoW,312550.97000000003,289553.529,349281.144,312550.97000000003
2004,nickel,concentrates,China,14.166450000000001,115464.11425,283.07705,14.166450000000001
2004,nickel,concentrates,EU27,18195.69465,214738.9345,42953.67425,18195.69465
2004,nickel,concentrates,RoW,9575150.60135,9263157.4137,8498417.7642,8498417.7642
2004,nickel,refined_metal,China,11826.06155,60222.522750000004,11826.06155,11826.06155
2004,nickel,refined_metal,EU27,126548.45135000002,488325.03449999995,135500.64655,126548.45135000002
2004,nickel,refined_metal,RoW,1138704.76565,728531.7213,1087136.3147999998,1087136.3147999998
2004,nickel,scrap,China,603.864,754.135,603.864,603.864
2004,nickel,scrap,EU27,34855.466,39541.162,40038.748999999996,34855.466
2004,nickel,scrap,RoW,71134.662,66298.69499999999,99494.619,71134.662
2004,tin,concentrates,China,705.2909999999999,5473.201000000001,3052.376,705.2909999999999
2004,tin,concentrates,EU27,2633.98,1477.316,4832.979,2633.98
2004,tin,concentrates,RoW,42649.64599999999,39038.399999999994,67426.52,42649.64599999999
2004,tin,refined_metal,China,50662.172,24235.122,74890.06599999999,50662.172
2004,tin,refined_metal,EU27,27099.413,89469.173,23797.519,23797.519
2004,tin,refined_metal,RoW,357331.50299999997,321388.79299999995,357331.50299999997,357331.50299999997
2004,tin,scrap,China,101.069,3602.717,197.18699999999998,101.069
2004,tin,scrap,EU27,8744.880000000001,11643.479,8650.287,8650.287
2004,tin,scrap,RoW,31711.818,25311.571,38244.77099999999,31711.818
2004,zinc,concentrates,China,7215.7763,613513.2792999999,21908.519900000003,7215.7763
2004,zinc,concentrates,EU27,2452422.4838,5075301.2631,2234088.7203,2234088.7203
2004,zinc,concentrates,RoW,7443044.8729,4213868.5906,7811677.2456,7443044.8729
2004,zinc,refined_metal,China,382431.1972,263380.0397,649194.6521,382431.1972
2004,zinc,refined_metal,EU27,1666721.5522,1862589.6834,1565069.2432,1565069.2432
2004,zinc,refined_metal,RoW,3058143.9070999995,2981326.9333999995,3058143.9070999995,3058143.9070999995
2004,zinc,scrap,China,950.7215,131160.72600000002,4391.3015000000005,950.7215
2004,zinc,scrap,EU27,414852.755,332112.3735,372306.5735,372306.5735
2004,zinc,scrap,RoW,464936.29800000007,417466.67500000005,349281.144,349281.144
2005,nickel,concentrates,China,400.62045000000006,552525.46475,333.66104999999993,333.66104999999993
2005,nickel,concentrates,EU27,112503.82539999999,305390.40565,43183.0482,43183.0482
2005,nickel,concentrates,RoW,9791983.06425,9046971.6397,9575150.60135,9575150.60135
2005,nickel,refined_metal,China,13485.41855,97848.92925,11826.06155,11826.06155
2005,nickel,refined_metal,EU27,117055.7226,491326.86635,135500.64655,117055.7226
2005,nickel,refined_metal,RoW,1158557.14375,699922.4893,1138704.76565,1138704.76565
2005,nickel,scrap,China,593.149,2782.977,593.149,593.149
2005,nickel,scrap,EU27,36384.022,42590.566999999995,39334.106,36384.022
2005,nickel,scrap,RoW,82214.25099999999,73817.878,99494.619,82214.25099999999
2005,tin,concentrates,China,866.0659999999999,4319.322,1142.477,866.0659999999999
2005,tin,concentrates,EU27,3193.312,3360.3230000000003,3193.312,3193.312
2005,tin,concentrates,RoW,50273.267,46653.0,65289.187,50273.267
2005,tin,refined_metal,China,32072.062,28359.67,56056.454000000005,32072.062
2005,tin,refined_metal,EU27,30789.639000000003,93412.325,27099.413,27099.413
2005,tin,refined_metal,RoW,373495.243,314584.949,373495.243,373495.243
2005,tin,scrap,China,48.1,22516.915,101.069,48.1
2005,tin,scrap,EU27,5973.505,6711.4400000000005,8650.287,5973.505
2005,tin,scrap,RoW,57472.347,34265.597,39223.683999999994,39223.683999999994
2005,zinc,concentrates,China,6197.0103,683510.2009,18342.555099999998,6197.0103
2005,zinc,concentrates,EU27,2502561.3727,5115131.3964,2452422.4838,2452422.4838
2005,zinc,concentrates,RoW,7430515.1537,4140631.9394,7811677.2456,7430515.1537
2005,zinc,refined_metal,China,220332.02370000002,406011.7046,573434.6184,220332.02370000002
2005,zinc,refined_metal,EU27,1667963.8233,1781431.4966000002,1666721.5522,1666721.5522
2005,zinc,refined_metal,RoW,3120731.6933,2821584.3391,3120731.6933,3120731.6933
2005,zinc,scrap,China,1401.932,140901.9855,3338.091,1401.932
2005,zinc,scrap,EU27,455260.16300000006,374981.393,414852.755,414852.755
2005,zinc,scrap,RoW,501846.82699999993,442625.54349999997,464936.29800000007,464936.29800000007
2006,nickel,concentrates,China,269.89495,4653766.677399999,333.66104999999993,269.89495
2006,nickel,concentrates,EU27,144190.20265,243166.38875,112503.82539999999,112503.82539999999
2006,nickel,concentrates,RoW,13773399.150400002,9020926.181850001,9791983.06425,9791983.06425
2006,nickel,refined_metal,China,9805.35305,135338.3816,11826.06155,9805.35305
2006,nickel,refined_metal,EU27,156030.80034999998,497397.56124999997,135500.64655,135500.64655
2006,nickel,refined_metal,RoW,1137359.8525999999,670460.06315,1138704.76565,1137359.8525999999
2006,nickel,scrap,China,1326.082,28833.363999999998,603.864,603.864
2006,nickel,scrap,EU27,37940.165,50957.327,39091.755,37940.165
2006,nickel,scrap,RoW,107674.7,67150.256,107674.7,107674.7
2006,tin,concentrates,China,2424.3959999999997,3513.4280000000003,1142.477,1142.477
2006,tin,concentrates,EU27,2731.9750000000004,4236.402,3137.399,2731.9750000000004
2006,tin,concentrates,RoW,37655.729999999996,35062.271,50273.267,37655.729999999996
2006,tin,refined_metal,China,29495.442000000003,22579.256,50662.172,29495.442000000003
2006,tin,refined_metal,EU27,32253.14,119178.153,30789.639000000003,30789.639000000003
2006,tin,refined_metal,RoW,427891.662,347882.835,418930.681,418930.681
2006,tin,scrap,China,431.756,34074.055,101.069,101.069
2006,tin,scrap,EU27,9355.193000000001,12603.633000000002,8744.880000000001,8744.880000000001
2006,tin,scrap,RoW,85904.303,49013.564,57472.347,57472.347
2006,zinc,concentrates,China,7720.5361,904310.8652,12152.2065,7720.5361
2006,zinc,concentrates,EU27,2464650.7583,5073602.063999999,2464650.7583,2464650.7583
2006,zinc,concentrates,RoW,8018313.7994,4512772.1646,7922258.8761,7922258.8761
2006,zinc,refined_metal,China,548181.8979,458644.0563,548181.8979,548181.8979
2006,zinc,refined_metal,EU27,2702533.2377,3056435.8135,1667963.8233,1667963.8233
2006,zinc,refined_metal,RoW,3909951.1445999998,3645586.4104,3125991.8529,3125991.8529
2006,zinc,scrap,China,1983.156,128992.63949999999,3338.091,1983.156
2006,zinc,scrap,EU27,485852.90800000005,369544.44149999996,455260.16300000006,455260.16300000006
2006,zinc,scrap,RoW,601175.5299999999,590474.513,501846.82699999993,501846.82699999993
2007,nickel,concentrates,China,594.41895,15738604.131299999,400.62045000000006,400.62045000000006
2007,nickel,concentrates,EU27,120059.0306,862889.9646,120059.0306,120059.0306
2007,nickel,concentrates,RoW,25425832.0864,8944991.44005,13773399.150400002,13773399.150400002
2007,nickel,refined_metal,China,10947.18205,136720.69269999996,11826.06155,10947.18205
2007,nickel,refined_metal,EU27,164719.6424,520745.74039999995,156030.80034999998,156030.80034999998
2007,nickel,refined_metal,RoW,1175597.1046,693797.49595,1158557.14375,1158557.14375
2007,nickel,scrap,China,911.7289999999999,4102.5869999999995,911.7289999999999,911.7289999999999
2007,nickel,scrap,EU27,48325.107,68708.777,39334.106,39334.106
2007,nickel,scrap,RoW,96484.489,72909.961,99494.619,96484.489
2007,tin,concentrates,China,1733.674,20235.869000000002,1733.674,1733.674
2007,tin,concentrates,EU27,1361.448,3737.4480000000003,2731.9750000000004,1361.448
2007,tin,concentrates,RoW,73166.212,52288.017,50273.267,50273.267
2007,tin,refined_metal,China,34314.031,18286.875,49503.06,34314.031
2007,tin,refined_metal,EU27,46231.892,94306.9,32253.14,32253.14
2007,tin,refined_metal,RoW,293935.641,261887.789,373495.243,293935.641
2007,tin,scrap,China,171.65,22885.92,171.65,171.65
2007,tin,scrap,EU27,7714.724,12391.342,8744.880000000001,7714.724
2007,tin,scrap,RoW,99313.655,71922.767,85904.303,85904.303
2007,zinc,concentrates,China,5707.2756,2433652.2865,7720.5361,5707.2756
2007,zinc,concentrates,EU27,2427534.9645000002,4985304.0081,2464650.7583,2427534.9645000002
2007,zinc,concentrates,RoW,9593982.7927,4608268.7382,8018313.7994,8018313.7994
2007,zinc,refined_metal,China,345989.6999,165617.941,533207.8975000001,345989.6999
2007,zinc,refined_metal,EU27,1743344.7319999998,2323761.3964,1743344.7319999998,1743344.7319999998
2007,zinc,refined_metal,RoW,3172330.6628,2772285.7573,3172330.6628,3172330.6628
2007,zinc,scrap,China,2091.5255,124046.9765,2091.5255,2091.5255
2007,zinc,scrap,EU27,396561.59750000003,326022.80650000006,455260.16300000006,396561.59750000003
2007,zinc,scrap,RoW,381880.30350000004,330463.6435,501846.82699999993,381880.30350000004
2008,nickel,concentrates,China,4966.792549999999,11930178.202949999,594.41895,594.41895
2008,nickel,concentrates,EU27,129543.55309999999,785153.5806999999,129543.55309999999,129543.55309999999
2008,nickel,concentrates,RoW,22538361.800399996,9957540.362399999,22538361.800399996,22538361.800399996
2008,nickel,refined_metal,China,8712.43145,143821.18505,11826.06155,8712.43145
2008,nickel,refined_metal,EU27,157253.2469,544799.0813000001,157253.2469,157253.2469
2008,nickel,refined_metal,RoW,1203461.0046,680806.4166,1175597.1046,1175597.1046
2008,nickel,scrap,China,975.191,4038.5400000000004,975.191,975.191
2008,nickel,scrap,EU27,40132.958,52679.94,40132.958,40132.958
2008,nickel,scrap,RoW,87231.75700000001,71621.426,96484.489,87231.75700000001
2008,tin,concentrates,China,0.903,8001.379,1733.674,0.903
2008,tin,concentrates,EU27,6190.994000000001,6451.974,3193.312,3193.312
2008,tin,concentrates,RoW,54460.284,46198.828,54460.284,54460.284
2008,tin,refined_metal,China,137631.19700000001,15352.753999999999,50662.172,50662.172
2008,tin,refined_metal,EU27,32436.905,83747.696,32436.905,32436.905
2008,tin,refined_metal,RoW,291506.112,362473.76399999997,373495.243,291506.112
2008,tin,scrap,China,139.382,10472.195,171.65,139.382
2008,tin,scrap,EU27,7055.219999999999,14980.403999999999,8744.880000000001,7055.219999999999
2008,tin,scrap,RoW,91287.43,73029.43299999999,91287.43,91287.43
2008,zinc,concentrates,China,3194.4969,2389412.3445,7215.7763,3194.4969
2008,zinc,concentrates,EU27,2526968.35,4609906.643200001,2502561.3727,2502561.3727
2008,zinc,concentrates,RoW,9154333.2646,4685177.1238,9154333.2646,9154333.2646
2008,zinc,refined_metal,China,68894.4641,214645.87750000003,382431.1972,68894.4641
2008,zinc,refined_metal,EU27,1545288.0425000002,1843221.4148,1743344.7319999998,1545288.0425000002
2008,zinc,refined_metal,RoW,3216563.1734,2772878.3877000003,3216563.1734,3216563.1734
2008,zinc,scrap,China,1221.365,106979.97700000001,1983.156,1221.365
2008,zinc,scrap,EU27,301423.1855,241187.811,455260.16300000006,301423.1855
2008,zinc,scrap,RoW,286500.43700000003,240977.1995,501846.82699999993,286500.43700000003
2009,nickel,concentrates,China,4337.21155,15979635.82925,4337.21155,4337.21155
2009,nickel,concentrates,EU27,269540.9408,752685.4881000001,144190.20265,144190.20265
2009,nickel,concentrates,RoW,26015988.079549998,9557544.91455,25425832.0864,25425832.0864
2009,nickel,refined_metal,China,12374.368450000002,235193.29275000002,12374.368450000002,12374.368450000002
2009,nickel,refined_metal,EU27,117310.55720000001,416873.7809,157253.2469,117310.55720000001
2009,nickel,refined_metal,RoW,1121791.07445,599408.9264499999,1175597.1046,1121791.07445
2009,nickel,scrap,China,1234.9709999999998,3191.3400000000006,1234.9709999999998,1234.9709999999998
2009,nickel,scrap,EU27,41132.535,40415.355,41132.535,41132.535
2009,nickel,scrap,RoW,56950.28,55711.091,96484.489,56950.28
2009,tin,concentrates,China,12.965,14006.402,1733.674,12.965
2009,tin,concentrates,EU27,1777.396,2694.473,3193.312,1777.396
2009,tin,concentrates,RoW,62905.618,47995.104,62905.618,62905.618
2009,tin,refined_metal,China,6375.279,24654.448,34314.031,6375.279
2009,tin,refined_metal,EU27,26755.822999999997,55113.231999999996,32436.905,26755.822999999997
2009,tin,refined_metal,RoW,282758.46,236121.882,373495.243,282758.46
2009,tin,scrap,China,2035.326,12775.542,431.756,431.756
2009,tin,scrap,EU27,6637.409,9317.629,7714.724,6637.409
2009,tin,scrap,RoW,162227.48,148807.04400000002,99313.655,99313.655
2009,zinc,concentrates,China,1776.7109,3938256.7422,6197.0103,1776.7109
2009,zinc,concentrates,EU27,2294583.9889,3430380.2202000003,2502561.3727,2294583.9889
2009,zinc,concentrates,RoW,8993143.1643,3920866.9017000003,9154333.2646,8993143.1643
2009,zinc,refined_metal,China,36446.2171,740007.9398000002,345989.6999,36446.2171
2009,zinc,refined_metal,EU27,1423545.0456,1585193.0423000003,1743344.7319999998,1423545.0456
2009,zinc,refined_metal,RoW,3534050.7422,2668841.0228,3534050.7422,3534050.7422
2009,zinc,scrap,China,756.809,88580.268,1983.156,756.809
2009,zinc,scrap,EU27,329852.75249999994,253866.58049999998,455260.16300000006,329852.75249999994
2009,zinc,scrap,RoW,287663.5205,275826.2335,501846.82699999993,287663.5205
2010,nickel,concentrates,China,64.76165,25899602.7222,4337.21155,64.76165
2010,nickel,concentrates,EU27,144186.24474999998,1110461.3697,144190.20265,144186.24474999998
2010,nickel,concentrates,RoW,39804038.33255,12938225.24705,26015988.079549998,26015988.079549998
2010,nickel,refined_metal,China,13745.855349999998,204006.3178,12374.368450000002,12374.368450000002
2010,nickel,refined_metal,EU27,139155.38425,498416.2263,157253.2469,139155.38425
2010,nickel,refined_metal,RoW,1232258.54645,682737.2419499999,1203461.0046,1203461.0046
2010,nickel,scrap,China,907.854,11527.952000000001,1234.9709999999998,907.854
2010,nickel,scrap,EU27,55702.799,65145.922999999995,48325.107,48325.107
2010,nickel,scrap,RoW,89027.687,68964.465,96484.489,89027.687
2010,tin,concentrates,China,59.388000000000005,18698.534,1733.674,59.388000000000005
2010,tin,concentrates,EU27,2521.2419999999997,2501.473,2731.9750000000004,2521.2419999999997
2010,tin,concentrates,RoW,69766.077,51146.700000000004,69766.077,69766.077
2010,tin,refined_metal,China,12012.381000000001,18507.229,34314.031,12012.381000000001
2010,tin,refined_metal,EU27,31233.386,75768.62,32436.905,31233.386
2010,tin,refined_metal,RoW,295132.553,244102.47100000002,295132.553,295132.553
2010,tin,scrap,China,349.7,4883.026,431.756,349.7
2010,tin,scrap,EU27,7867.271,17734.174,7867.271,7867.271
2010,tin,scrap,RoW,154478.21099999998,140077.982,154478.21099999998,154478.21099999998
2010,zinc,concentrates,China,3016.5708000000004,3412480.8858,5707.2756,3016.5708000000004
2010,zinc,concentrates,EU27,2067462.0251999998,4245624.3411,2464650.7583,2067462.0251999998
2010,zinc,concentrates,RoW,9604030.8869,4016404.256,9593982.7927,9593982.7927
2010,zinc,refined_metal,China,51311.2322,458237.5217,345989.6999,51311.2322
2010,zinc,refined_metal,EU27,1701172.8718,2202036.1594000002,1743344.7319999998,1701172.8718
2010,zinc,refined_metal,RoW,3659794.9041,2752005.327,3659794.9041,3659794.9041
2010,zinc,scrap,China,1970.764,104049.4895,1983.156,1970.764
2010,zinc,scrap,EU27,344041.567,262982.85949999996,396561.59750000003,344041.567
2010,zinc,scrap,RoW,283501.164,262481.146,381880.30350000004,283501.164
2011,nickel,concentrates,China,832.4236999999999,50294271.11025,4337.21155,832.4236999999999
2011,nickel,concentrates,EU27,76072.84294999999,1092990.7604,144186.24474999998,76072.84294999999
2011,nickel,concentrates,RoW,63228950.396850005,11918593.792849999,39804038.33255,39804038.33255
2011,nickel,refined_metal,China,12468.5283,199195.32575,12468.5283,12468.5283
2011,nickel,refined_metal,EU27,151708.09405,396159.9506,157253.2469,151708.09405
2011,nickel,refined_metal,RoW,1196961.6361500002,765782.98215,1203461.0046,1196961.6361500002
2011,nickel,scrap,China,785.341,2782.764,975.191,785.341
2011,nickel,scrap,EU27,39703.93,47647.984,48325.107,39703.93
2011,nickel,scrap,RoW,82451.291,72509.814,89027.687,82451.291
2011,tin,concentrates,China,573.719,32392.975000000002,573.719,573.719
2011,tin,concentrates,EU27,1601.7409999999998,7190.398,2521.2419999999997,1601.7409999999998
2011,tin,concentrates,RoW,78753.05799999999,41345.145,73166.212,73166.212
2011,tin,refined_metal,China,21323.563000000002,22590.577,34314.031,21323.563000000002
2011,tin,refined_metal,EU27,33044.009999999995,89167.591,33044.009999999995,33044.009999999995
2011,tin,refined_metal,RoW,317278.497,259887.902,295132.553,295132.553
2011,tin,scrap,China,335.249,2841.4610000000002,349.7,335.249
2011,tin,scrap,EU27,14848.812,25663.881999999998,7867.271,7867.271
2011,tin,scrap,RoW,165948.58800000002,152627.306,162227.48,162227.48
2011,zinc,concentrates,China,9584.2765,2926336.3151000002,5707.2756,5707.2756
2011,zinc,concentrates,EU27,1931133.5468,3796152.3798,2427534.9645000002,1931133.5468
2011,zinc,concentrates,RoW,9147051.803100001,4365280.9315,9593982.7927,9147051.803100001
2011,zinc,refined_metal,China,46924.9455,534785.4309,68894.4641,46924.9455
2011,zinc,refined_metal,EU27,1736544.7517000004,2058453.4537000002,1736544.7517000004,1736544.7517000004
2011,zinc,refined_metal,RoW,3800570.7414,2990801.5540000005,3659794.9041,3659794.9041
2011,zinc,scrap,China,1913.193,104799.719,1970.764,1913.193
2011,zinc,scrap,EU27,352675.7125,296486.0565,352675.7125,352675.7125
2011,zinc,scrap,RoW,293719.50549999997,247022.6355,293719.50549999997,293719.50549999997
2012,nickel,concentrates,China,700.4128999999999,66822660.62220001,4337.21155,700.4128999999999
2012,nickel,concentrates,EU27,43766.4867,920493.42455,144186.24474999998,43766.4867
2012,nickel,concentrates,RoW,81554171.10515001,13855483.958,63228950.396850005,63228950.396850005
2012,nickel,refined_metal,China,14320.8481,241011.64979999998,13745.855349999998,13745.855349999998
2012,nickel,refined_metal,EU27,153092.5703,394592.65845,153092.5703,153092.5703
2012,nickel,refined_metal,RoW,1231403.16585,763212.276,1231403.16585,1231403.16585
2012,nickel,scrap,China,1133.651,1806.3680000000002,1133.651,1133.651
2012,nickel,scrap,EU27,52298.083,49210.009,52298.083,52298.083
2012,nickel,scrap,RoW,89798.73999999999,92214.09700000001,89027.687,89027.687
2012,tin,concentrates,China,255.635,27791.134000000002,255.635,255.635
2012,tin,concentrates,EU27,1846.3229999999999,4233.13,2521.2419999999997,1846.3229999999999
2012,tin,concentrates,RoW,66531.826,36609.52,69766.077,66531.826
2012,tin,refined_metal,China,5984.805,30398.189000000002,21323.563000000002,5984.805
2012,tin,refined_metal,EU27,36210.992,77435.37,33044.009999999995,33044.009999999995
2012,tin,refined_metal,RoW,335652.99100000004,270015.229,317278.497,317278.497
2012,tin,scrap,China,382.548,1750.946,382.548,382.548
2012,tin,scrap,EU27,9098.723,19056.862999999998,9098.723,9098.723
2012,tin,scrap,RoW,142024.452,130697.91399999999,162227.48,142024.452
2012,zinc,concentrates,China,5351.466100000001,2213108.0543,5351.466100000001,5351.466100000001
2012,zinc,concentrates,EU27,1893441.3765000002,4088119.5908,2294583.9889,1893441.3765000002
2012,zinc,concentrates,RoW,9268951.0479,4866516.2454,9268951.0479,9268951.0479
2012,zinc,refined_metal,China,23160.9559,859540.4056999999,51311.2322,23160.9559
2012,zinc,refined_metal,EU27,1707632.9595,2049629.7977,1707632.9595,1707632.9595
2012,zinc,refined_metal,RoW,4309727.787599999,3131351.4996,3800570.7414,3800570.7414
2012,zinc,scrap,China,2164.3849999999998,95763.164,1970.764,1970.764
2012,zinc,scrap,EU27,348226.024,303429.2305,348226.024,348226.024
2012,zinc,scrap,RoW,294918.1065,246116.12099999998,293719.50549999997,293719.50549999997
2013,nickel,concentrates,China,345.67405,85863648.37474999,832.4236999999999,345.67405
2013,nickel,concentrates,EU27,225584.62055,1256835.276,225584.62055,225584.62055
2013,nickel,concentrates,RoW,106385470.89565,19490917.5395,81554171.10515001,81554171.10515001
2013,nickel,refined_metal,China,30858.868949999996,309631.61324999994,14320.8481,14320.8481
2013,nickel,refined_metal,EU27,155643.04845,380369.965,153092.5703,153092.5703
2013,nickel,refined_metal,RoW,1358599.76935,855100.1085,1232258.54645,1232258.54645
2013,nickel,scrap,China,1110.401,1271.5179999999998,1133.651,1110.401
2013,nickel,scrap,EU27,36820.756,41546.513999999996,52298.083,36820.756
2013,nickel,scrap,RoW,85163.601,80276.726,89027.687,85163.601
2013,tin,concentrates,China,898.711,6797.572,573.719,573.719
2013,tin,concentrates,EU27,925.274,1800.9089999999999,1846.3229999999999,925.274
2013,tin,concentrates,RoW,45426.561,38652.065,69766.077,45426.561
2013,tin,refined_metal,China,10934.363,17077.539,12012.381000000001,10934.363
2013,tin,refined_metal,EU27,40158.693,91099.577,36210.992,36210.992
2013,tin,refined_metal,RoW,311552.287,254468.227,317278.497,311552.287
2013,tin,scrap,China,775.8580000000001,172.049,775.8580000000001,775.8580000000001
2013,tin,scrap,EU27,11939.664999999999,17647.010000000002,11939.664999999999,11939.664999999999
2013,tin,scrap,RoW,109293.454,104189.91799999999,162227.48,109293.454
2013,zinc,concentrates,China,4163.873600000001,2227192.5620999997,5351.466100000001,4163.873600000001
2013,zinc,concentrates,EU27,2021331.4612000003,3874786.5437000003,2067462.0251999998,2021331.4612000003
2013,zinc,concentrates,RoW,8828245.114,4751761.342999999,9268951.0479,8828245.114
2013,zinc,refined_metal,China,18564.5124,732822.7259,46924.9455,18564.5124
2013,zinc,refined_metal,EU27,1838258.9653,1807677.0942999998,1736544.7517000004,1736544.7517000004
2013,zinc,refined_metal,RoW,3627036.8095,2943360.467,3800570.7414,3627036.8095
2013,zinc,scrap,China,917.4449999999999,91903.207,1970.764,917.4449999999999
2013,zinc,scrap,EU27,410716.07050000003,369448.375,352675.7125,352675.7125
2013,zinc,scrap,RoW,319984.0075,270265.941,294918.1065,294918.1065
2014,nickel,concentrates,China,2692.16745,45793469.99135,832.4236999999999,832.4236999999999
2014,nickel,concentrates,EU27,246687.19155000005,1635033.94495,225584.62055,225584.62055
2014,nickel,concentrates,RoW,59552013.5984,12372889.0211,81554171.10515001,59552013.5984
2014,nickel,refined_metal,China,57380.75055,324308.89164999995,30858.868949999996,30858.868949999996
2014,nickel,refined_metal,EU27,168731.27245,369342.15005,155643.04845,155643.04845
2014,nickel,refined_metal,RoW,1525842.8786,1058303.8599,1358599.76935,1358599.76935
2014,nickel,scrap,China,1838.823,1263.86,1133.651,1133.651
2014,nickel,scrap,EU27,47915.763,45089.748999999996,52298.083,47915.763
2014,nickel,scrap,RoW,94495.993,97896.97,89798.73999999999,89798.73999999999
2014,tin,concentrates,China,2350.946,2904468.4129999997,898.711,898.711
2014,tin,concentrates,EU27,1259.7440000000001,2810.045,1846.3229999999999,1259.7440000000001
2014,tin,concentrates,RoW,2951528.741,47860.973,78753.05799999999,78753.05799999999
2014,tin,refined_metal,China,17892.202,14069.676,17892.202,17892.202
2014,tin,refined_metal,EU27,37424.534,85503.994,37424.534,37424.534
2014,tin,refined_metal,RoW,289501.94800000003,245245.01400000002,317278.497,289501.94800000003
2014,tin,scrap,China,2281.884,683.985,775.8580000000001,775.8580000000001
2014,tin,scrap,EU27,10312.687000000002,14454.492,11939.664999999999,10312.687000000002
2014,tin,scrap,RoW,114006.78,111462.874,154478.21099999998,114006.78
2014,zinc,concentrates,China,16251.892699999999,2392217.4897,9584.2765,9584.2765
2014,zinc,concentrates,EU27,2117282.6159,4119092.6332,2067462.0251999998,2067462.0251999998
2014,zinc,concentrates,RoW,9446718.79,5068943.1757000005,9446718.79,9446718.79
2014,zinc,refined_metal,China,101312.38979999999,583460.5403,51311.2322,51311.2322
2014,zinc,refined_metal,EU27,1976620.6520999998,1987522.5573,1838258.9653,1838258.9653
2014,zinc,refined_metal,RoW,3557001.427,3063951.3712999998,3800570.7414,3557001.427
2014,zinc,scrap,China,418.7835,126907.74100000001,1970.764,418.7835
2014,zinc,scrap,EU27,486913.701,423877.7175,410716.07050000003,410716.07050000003
2014,zinc,scrap,RoW,369491.91,306038.936,319984.0075,319984.0075
2015,nickel,concentrates,China,9713.355,31728514.236799996,2692.16745,2692.16745
2015,nickel,concentrates,EU27,240986.66404999996,1438357.4195,240986.66404999996,240986.66404999996
2015,nickel,concentrates,RoW,45162465.43525,12246293.798,81554171.10515001,45162465.43525
2015,nickel,refined_metal,China,37327.549,528430.9781999999,37327.549,37327.549
2015,nickel,refined_metal,EU27,183372.07994999998,400536.5465,168731.27245,168731.27245
2015,nickel,refined_metal,RoW,1821355.74375,1113087.848,1525842.8786,1525842.8786
2015,nickel,scrap,China,1732.261,1890.655,1732.261,1732.261
2015,nickel,scrap,EU27,44816.155,42904.091,47915.763,44816.155
2015,nickel,scrap,RoW,77129.131,78882.801,89798.73999999999,77129.131
2015,tin,concentrates,China,3165.46,5412.864,2350.946,2350.946
2015,tin,concentrates,EU27,2390.785,3749.0820000000003,1846.3229999999999,1846.3229999999999
2015,tin,concentrates,RoW,47699.051,44093.35,78753.05799999999,47699.051
2015,tin,refined_metal,China,9299.942000000001,11860.52,17892.202,9299.942000000001
2015,tin,refined_metal,EU27,41319.666,90389.93,40158.693,40158.693
2015,tin,refined_metal,RoW,256370.45999999996,204739.618,317278.497,256370.45999999996
2015,tin,scrap,China,263.173,331.167,775.8580000000001,263.173
2015,tin,scrap,EU27,6565.152,7386.471,11939.664999999999,6565.152
2015,tin,scrap,RoW,69838.25,68948.93699999999,142024.452,69838.25
2015,zinc,concentrates,China,11830.8561,3266766.5946,11830.8561,11830.8561
2015,zinc,concentrates,EU27,1964003.0017,3616376.097,2021331.4612000003,1964003.0017
2015,zinc,concentrates,RoW,9843899.4766,4936590.6428000005,9446718.79,9446718.79
2015,zinc,refined_metal,China,41811.74740000001,703038.5509,46924.9455,41811.74740000001
2015,zinc,refined_metal,EU27,1868788.0523,1882634.8455,1868788.0523,1868788.0523
2015,zinc,refined_metal,RoW,3822014.5224,3146940.9257,3822014.5224,3822014.5224
2015,zinc,scrap,China,719.3154999999999,107084.83649999999,1913.193,719.3154999999999
2015,zinc,scrap,EU27,523872.76900000003,507671.3565,486913.701,486913.701
2015,zinc,scrap,RoW,358615.462,268451.35349999997,358615.462,358615.462
2016,nickel,concentrates,China,5791.54685,13153214.17,5791.54685,5791.54685
2016,nickel,concentrates,EU27,121763.00420000002,557649.41095,240986.66404999996,121763.00420000002
2016,nickel,concentrates,RoW,28519877.2407,14936568.2108,81554171.10515001,28519877.2407
2016,nickel,refined_metal,China,12815.17115,465605.247,37327.549,12815.17115
2016,nickel,refined_metal,EU27,168230.1108,411907.32805,168731.27245,168230.1108
2016,nickel,refined_metal,RoW,1591261.2393,894793.9462,1591261.2393,1591261.2393
2016,nickel,scrap,China,2335.2120000000004,2667.9370000000004,1838.823,1838.823
2016,nickel,scrap,EU27,42891.69900000001,43811.717000000004,47915.763,42891.69900000001
2016,nickel,scrap,RoW,88946.17499999999,87693.432,89798.73999999999,88946.17499999999
2016,tin,concentrates,China,385.63599999999997,1499.183,2350.946,385.63599999999997
2016,tin,concentrates,EU27,2062.6780000000003,2704.7580000000003,2062.6780000000003,2062.6780000000003
2016,tin,concentrates,RoW,46626.058,44870.431,66531.826,46626.058
2016,tin,refined_metal,China,11341.907,12038.183,11341.907,11341.907
2016,tin,refined_metal,EU27,40858.302,83575.272,40858.302,40858.302
2016,tin,refined_metal,RoW,223343.141,179929.89500000002,311552.287,223343.141
2016,tin,scrap,China,790.885,855.042,790.885,790.885
2016,tin,scrap,EU27,6850.720000000001,9127.644,10312.687000000002,6850.720000000001
2016,tin,scrap,RoW,63882.365,61541.284,114006.78,63882.365
2016,zinc,concentrates,China,5030.894300000001,1996919.7424999997,11830.8561,5030.894300000001
2016,zinc,concentrates,EU27,1824821.037,3380477.4580000006,2021331.4612000003,1824821.037
2016,zinc,concentrates,RoW,8749977.9349,5202432.6657,9446718.79,8749977.9349
2016,zinc,refined_metal,China,30798.1262,494542.9945,41811.74740000001,30798.1262
2016,zinc,refined_metal,EU27,1715081.3555,1892353.7925,1868788.0523,1715081.3555
2016,zinc,refined_metal,RoW,3942633.5921,3301616.2868,3942633.5921,3942633.5921
2016,zinc,scrap,China,5419.879500000001,71678.803,2164.3849999999998,2164.3849999999998
2016,zinc,scrap,EU27,586726.3455,541849.6755,523872.76900000003,523872.76900000003
2016,zinc,scrap,RoW,359418.018,338035.7645,359418.018,359418.018
2017,nickel,concentrates,China,583.30355,38609719.31275,5791.54685,583.30355
2017,nickel,concentrates,EU27,76675.61434999999,623708.2861,240986.66404999996,76675.61434999999
2017,nickel,concentrates,RoW,49583056.052499995,10426887.37155,59552013.5984,49583056.052499995
2017,nickel,refined_metal,China,19940.55345,536935.53225,37327.549,19940.55345
2017,nickel,refined_metal,EU27,196250.93465,425034.8389,183372.07994999998,183372.07994999998
2017,nickel,refined_metal,RoW,1530794.8385,785015.9554499999,1591261.2393,1530794.8385
2017,nickel,scrap,China,3205.831,2315.613,2335.2120000000004,2335.2120000000004
2017,nickel,scrap,EU27,41892.297,37334.114,44816.155,41892.297
2017,nickel,scrap,RoW,90321.01999999999,95769.421,90321.01999999999,90321.01999999999
2017,tin,concentrates,China,485.119,3813.8259999999996,2350.946,485.119
2017,tin,concentrates,EU27,3104.2709999999997,2952.533,2390.785,2390.785
2017,tin,concentrates,RoW,58034.206000000006,54857.237,58034.206000000006,58034.206000000006
2017,tin,refined_metal,China,14547.174,5076.688,14547.174,14547.174
2017,tin,refined_metal,EU27,42286.737,92143.06099999999,41319.666,41319.666
2017,tin,refined_metal,RoW,223601.789,183215.951,289501.94800000003,223601.789
2017,tin,scrap,China,1130.4490000000003,305.624,1130.4490000000003,1130.4490000000003
2017,tin,scrap,EU27,7978.106,9217.836,10312.687000000002,7978.106
2017,tin,scrap,RoW,82012.822,81597.917,109293.454,82012.822
2017,zinc,concentrates,China,24338.118100000003,2379982.4542,16251.892699999999,16251.892699999999
2017,zinc,concentrates,EU27,1830631.2114,3402011.2517999997,2021331.4612000003,1830631.2114
2017,zinc,concentrates,RoW,9307267.556499999,5380243.18,9446718.79,9307267.556499999
2017,zinc,refined_metal,China,62287.4114,744321.4453,62287.4114,62287.4114
2017,zinc,refined_metal,EU27,1909780.2385999998,1864320.6562,1909780.2385999998,1909780.2385999998
2017,zinc,refined_metal,RoW,4115844.1475,3479269.6960000005,3942633.5921,3942633.5921
2017,zinc,scrap,China,52797.468499999995,62669.6845,5419.879500000001,5419.879500000001
2017,zinc,scrap,EU27,588886.426,516187.56700000004,586726.3455,586726.3455
2017,zinc,scrap,RoW,461195.35199999996,524021.995,369491.91,369491.91
2018,nickel,concentrates,China,405.12579999999997,46336632.6632,5791.54685,405.12579999999997
2018,nickel,concentrates,EU27,95774.3107,405919.8535,240986.66404999996,95774.3107
2018,nickel,concentrates,RoW,56284042.217199996,9637669.137,56284042.217199996,56284042.217199996
2018,nickel,refined_metal,China,7807.6482000000005,339540.6468,37327.549,7807.6482000000005
2018,nickel,refined_metal,EU27,202251.11430000002,485528.5985,196250.93465,196250.93465
2018,nickel,refined_metal,RoW,1385032.0308,770021.548,1591261.2393,1385032.0308
2018,nickel,scrap,China,4437.853,1343.627,3205.831,3205.831
2018,nickel,scrap,EU27,41326.773,47480.389,44816.155,41326.773
2018,nickel,scrap,RoW,108753.24300000002,105693.853,94495.993,94495.993
2018,tin,concentrates,China,98.36699999999999,5964.753,2350.946,98.36699999999999
2018,tin,concentrates,EU27,1636.536,1689.9120000000003,2390.785,1636.536
2018,tin,concentrates,RoW,63136.350000000006,57216.588,63136.350000000006,63136.350000000006
2018,tin,refined_metal,China,16116.578,5104.121999999999,16116.578,16116.578
2018,tin,refined_metal,EU27,39936.279,88346.033,41319.666,39936.279
2018,tin,refined_metal,RoW,223481.31199999998,186084.014,256370.45999999996,223481.31199999998
2018,tin,scrap,China,3169.7070000000003,7395.974,2281.884,2281.884
2018,tin,scrap,EU27,6452.865,6984.467,7978.106,6452.865
2018,tin,scrap,RoW,99681.081,94923.21200000001,99681.081,99681.081
2018,zinc,concentrates,China,5918.4119,3111104.6985,16251.892699999999,5918.4119
2018,zinc,concentrates,EU27,2034723.3272,3825940.063,2034723.3272,2034723.3272
2018,zinc,concentrates,RoW,10578995.0286,5682592.0062,9843899.4766,9843899.4766
2018,zinc,refined_metal,China,27025.0841,700371.0595,62287.4114,27025.0841
2018,zinc,refined_metal,EU27,1776749.8828,1757070.267,1909780.2385999998,1776749.8828
2018,zinc,refined_metal,RoW,3978767.6859,3325101.3263,3978767.6859,3978767.6859
2018,zinc,scrap,China,744.195,50689.416,5419.879500000001,744.195
2018,zinc,scrap,EU27,520140.92600000004,469923.98400000005,586726.3455,520140.92600000004
2018,zinc,scrap,RoW,381978.6625,382250.3835,381978.6625,381978.6625
2019,nickel,concentrates,China,2194.52115,60713817.9939,5791.54685,2194.52115
2019,nickel,concentrates,EU27,20316.324849999997,961584.7200000001,121763.00420000002,20316.324849999997
2019,nickel,concentrates,RoW,71824468.2478,10171576.379900001,56284042.217199996,56284042.217199996
2019,nickel,refined_metal,China,13168.47985,448139.9901,19940.55345,13168.47985
2019,nickel,refined_metal,EU27,185766.75615000003,404496.879,196250.93465,185766.75615000003
2019,nickel,refined_metal,RoW,1440821.9922,787120.3591,1591261.2393,1440821.9922
2019,nickel,scrap,China,4947.751,2609.114,4437.853,4437.853
2019,nickel,scrap,EU27,38944.759,39269.115,42891.69900000001,38944.759
2019,nickel,scrap,RoW,130012.729,132027.01,108753.24300000002,108753.24300000002
2019,tin,concentrates,China,1509.752,12316.562,1509.752,1509.752
2019,tin,concentrates,EU27,1260.728,1493.75,2390.785,1260.728
2019,tin,concentrates,RoW,74748.081,63708.249,63136.350000000006,63136.350000000006
2019,tin,refined_metal,China,16303.46,5267.094,16116.578,16116.578
2019,tin,refined_metal,EU27,40881.189,86453.883,41319.666,40881.189
2019,tin,refined_metal,RoW,214915.38400000002,180379.05599999998,223601.789,214915.38400000002
2019,tin,scrap,China,619.239,736.653,1130.4490000000003,619.239
2019,tin,scrap,EU27,6897.036999999999,7751.94,6897.036999999999,6897.036999999999
2019,tin,scrap,RoW,62962.384,61990.066999999995,82012.822,62962.384
2019,zinc,concentrates,China,57234.7094,3334734.9827,24338.118100000003,24338.118100000003
2019,zinc,concentrates,EU27,2167856.8526,3607937.727,2034723.3272,2034723.3272
2019,zinc,concentrates,RoW,10224754.7641,5507173.6164,10224754.7641,10224754.7641
2019,zinc,refined_metal,China,48483.4991,777022.0853,48483.4991,48483.4991
2019,zinc,refined_metal,EU27,1972644.5499,1802524.7595000002,1909780.2385999998,1909780.2385999998
2019,zinc,refined_metal,RoW,3929450.3354,3371031.5396,3978767.6859,3929450.3354
2019,zinc,scrap,China,2564.2705,84963.69900000001,5419.879500000001,2564.2705
2019,zinc,scrap,EU27,610404.5705,546517.7445,588886.426,588886.426
2019,zinc,scrap,RoW,386756.8325,368244.23,386756.8325,386756.8325
2020,nickel,concentrates,China,1398.75055,42214848.772549994,2194.52115,1398.75055
2020,nickel,concentrates,EU27,91905.6329,936809.28,95774.3107,91905.6329
2020,nickel,concentrates,RoW,51829904.58215,8771550.91305,56284042.217199996,51829904.58215
2020,nickel,refined_metal,China,14657.64345,414889.36244999996,14657.64345,14657.64345
2020,nickel,refined_metal,EU27,220413.6081,384226.462,202251.11430000002,202251.11430000002
2020,nickel,refined_metal,RoW,1251723.2758499999,687678.70295,1530794.8385,1251723.2758499999
2020,nickel,scrap,China,1448.249,2838.093,4437.853,1448.249
2020,nickel,scrap,EU27,37380.444,40582.504,41892.297,37380.444
2020,nickel,scrap,RoW,146272.859,141680.95500000002,130012.729,130012.729
2020,tin,concentrates,China,3.2760000000000002,15794.206,485.119,3.2760000000000002
2020,tin,concentrates,EU27,904.621,1023.538,2062.6780000000003,904.621
2020,tin,concentrates,RoW,74962.747,59052.9,74748.081,74748.081
2020,tin,refined_metal,China,14858.007000000001,19986.433,16116.578,14858.007000000001
2020,tin,refined_metal,EU27,39525.762,77332.69200000001,40881.189,39525.762
2020,tin,refined_metal,RoW,193569.29,150633.934,223481.31199999998,193569.29
2020,tin,scrap,China,60.352999999999994,87.712,1130.4490000000003,60.352999999999994
2020,tin,scrap,EU27,5763.461,7135.76,6897.036999999999,5763.461
2020,tin,scrap,RoW,38316.852999999996,36917.19499999999,82012.822,38316.852999999996
2020,zinc,concentrates,China,3331.0238000000004,3697386.2836,24338.118100000003,3331.0238000000004
2020,zinc,concentrates,EU27,2283884.3318,3280855.2536,2167856.8526,2167856.8526
2020,zinc,concentrates,RoW,9825903.4578,5134877.2762,10224754.7641,9825903.4578
2020,zinc,refined_metal,China,36821.5882,736900.2749000001,48483.4991,36821.5882
2020,zinc,refined_metal,EU27,1831668.9152000002,1638689.2709000001,1909780.2385999998,1831668.9152000002
2020,zinc,refined_metal,RoW,3933192.6317000003,3426093.5893,3978767.6859,3933192.6317000003
2020,zinc,scrap,China,1481.055,194052.5595,5419.879500000001,1481.055
2020,zinc,scrap,EU27,590063.242,502063.3325,590063.242,590063.242
2020,zinc,scrap,RoW,452022.8225,347451.22750000004,452022.8225,452022.8225
2021,nickel,concentrates,China,144.93695000000002,44317750.9705,1398.75055,144.93695000000002
2021,nickel,concentrates,EU27,134847.28105,1733142.4977499999,95774.3107,95774.3107
2021,nickel,concentrates,RoW,55416484.977749996,9500583.7275,56284042.217199996,55416484.977749996
2021,nickel,refined_metal,China,3259.67405,678740.4515,14657.64345,3259.67405
2021,nickel,refined_metal,EU27,221046.59495,362567.05725,220413.6081,220413.6081
2021,nickel,refined_metal,RoW,1483090.09125,666088.8515,1483090.09125,1483090.09125
2021,nickel,scrap,China,1483.523,7187.084,4437.853,1483.523
2021,nickel,scrap,EU27,42610.685000000005,43898.959,41892.297,41892.297
2021,nickel,scrap,RoW,118300.226,111308.391,130012.729,118300.226
2021,tin,concentrates,China,52.87799999999999,45057.64199999999,485.119,52.87799999999999
2021,tin,concentrates,EU27,2834.5660000000003,3286.168,2834.5660000000003,2834.5660000000003
2021,tin,concentrates,RoW,90524.17499999999,45067.809,74962.747,74962.747
2021,tin,refined_metal,China,23169.807,6830.036000000001,16303.46,16303.46
2021,tin,refined_metal,EU27,44540.593,90715.561,42286.737,42286.737
2021,tin,refined_metal,RoW,235493.044,205657.847,223601.789,223601.789
2021,tin,scrap,China,77.26899999999999,31.953,1130.4490000000003,77.26899999999999
2021,tin,scrap,EU27,6091.535,7953.571,6897.036999999999,6091.535
2021,tin,scrap,RoW,50359.509000000005,48542.789000000004,82012.822,50359.509000000005
2021,zinc,concentrates,China,3037.3989,3485049.2421,24338.118100000003,3037.3989
2021,zinc,concentrates,EU27,2240870.9192000004,3452711.2988,2240870.9192000004,2240870.9192000004
2021,zinc,concentrates,RoW,9862569.8713,5168717.6485,10224754.7641,9862569.8713
2021,zinc,refined_metal,China,21893.8116,649628.7079,48483.4991,21893.8116
2021,zinc,refined_metal,EU27,1888359.4847999997,1742564.1822000002,1909780.2385999998,1888359.4847999997
2021,zinc,refined_metal,RoW,3916382.5206999998,3434442.9269999997,3978767.6859,3916382.5206999998
2021,zinc,scrap,China,462.9575,42517.181,2564.2705,462.9575
2021,zinc,scrap,EU27,644933.524,538889.937,610404.5705,610404.5705
2021,zinc,scrap,RoW,479904.687,543894.0505,461195.35199999996,461195.35199999996
2022,nickel,concentrates,China,5588.6318,40625958.9708,2194.52115,2194.52115
2022,nickel,concentrates,EU27,108873.42844999999,303649.06425,108873.42844999999,108873.42844999999
2022,nickel,concentrates,RoW,47129589.6548,6314443.68,56284042.217199996,47129589.6548
2022,nickel,refined_metal,China,16575.591200000003,949667.8531999999,14657.64345,14657.64345
2022,nickel,refined_metal,EU27,284639.05854999996,406952.32375,221046.59495,221046.59495
2022,nickel,refined_metal,RoW,1721191.2942,665785.767,1483090.09125,1483090.09125
2022,nickel,scrap,China,4104.316,4126.491,4437.853,4104.316
2022,nickel,scrap,EU27,48188.906,47073.138999999996,42610.685000000005,42610.685000000005
2022,nickel,scrap,RoW,120475.49100000001,121569.08300000001,130012.729,120475.49100000001
2022,tin,concentrates,China,111.39300000000001,62141.777,111.39300000000001,111.39300000000001
2022,tin,concentrates,EU27,1541.393,1238.116,1636.536,1541.393
2022,tin,concentrates,RoW,100114.25,38387.143,90524.17499999999,90524.17499999999
2022,tin,refined_metal,China,12855.798999999999,33398.04,16303.46,12855.798999999999
2022,tin,refined_metal,EU27,41124.215,86606.317,41124.215,41124.215
2022,tin,refined_metal,RoW,220412.923,154388.58,223481.31199999998,220412.923
2022,tin,scrap,China,144.23000000000002,159.24699999999999,619.239,144.23000000000002
2022,tin,scrap,EU27,6421.460999999999,6913.521,6452.865,6421.460999999999
2022,tin,scrap,RoW,83078.98800000001,82571.91100000001,83078.98800000001,83078.98800000001
2022,zinc,concentrates,China,3782.4108,4036438.1291,5918.4119,3782.4108
2022,zinc,concentrates,EU27,2004233.7259000002,3117979.2502,2240870.9192000004,2004233.7259000002
2022,zinc,concentrates,RoW,10215647.4715,5069246.2288999995,10224754.7641,10215647.4715
2022,zinc,refined_metal,China,90813.80470000001,232678.3059,48483.4991,48483.4991
2022,zinc,refined_metal,EU27,1512048.1480999999,1879918.7983,1888359.4847999997,1512048.1480999999
2022,zinc,refined_metal,RoW,3858934.6284999996,3349199.4771,3933192.6317000003,3858934.6284999996
2022,zinc,scrap,China,1065.2855,34688.412,1481.055,1065.2855
2022,zinc,scrap,EU27,539313.908,487889.37250000006,610404.5705,539313.908
2022,zinc,scrap,RoW,587144.0210000001,604945.43,479904.687,479904.687
2023,nickel,concentrates,China,729.76305,21461448.62525,2194.52115,729.76305
2023,nickel,concentrates,EU27,112586.29045,504531.30809999997,112586.29045,112586.29045
2023,nickel,concentrates,RoW,27356934.406499997,5504270.52665,55416484.977749996,27356934.406499997
2023,nickel,refined_metal,China,17831.84695,1244859.45475,16575.591200000003,16575.591200000003
2023,nickel,refined_metal,EU27,226767.89655,432410.0989,226767.89655,226767.89655
2023,nickel,refined_metal,RoW,2140589.7075,707919.89735,1721191.2942,1721191.2942
2023,nickel,scrap,China,5903.456,6909.46,4947.751,4947.751
2023,nickel,scrap,EU27,45195.989,43012.848,45195.989,45195.989
2023,nickel,scrap,RoW,141485.20500000002,142662.342,141485.20500000002,141485.20500000002
2023,tin,concentrates,China,138.48999999999998,60217.251,138.48999999999998,138.48999999999998
2023,tin,concentrates,EU27,1291.1399999999999,1216.556,1541.393,1291.1399999999999
2023,tin,concentrates,RoW,96900.698,36896.52100000001,96900.698,96900.698
2023,tin,refined_metal,China,13369.112000000001,37169.426999999996,16303.46,13369.112000000001
2023,tin,refined_metal,EU27,43244.952,84225.05500000001,43244.952,43244.952
2023,tin,refined_metal,RoW,208146.615,143366.197,220412.923,208146.615
2023,tin,scrap,China,138.29200000000003,1256.3609999999999,144.23000000000002,138.29200000000003
2023,tin,scrap,EU27,7504.935,7459.849,6897.036999999999,6897.036999999999
2023,tin,scrap,RoW,134357.225,133284.242,83078.98800000001,83078.98800000001
2023,zinc,concentrates,China,3170.0396,4730547.5757,3782.4108,3170.0396
2023,zinc,concentrates,EU27,1798750.2090000003,2682963.7749,2240870.9192000004,1798750.2090000003
2023,zinc,concentrates,RoW,11088905.9518,5477314.8498,10224754.7641,10224754.7641
2023,zinc,refined_metal,China,27653.1579,412286.8018,48483.4991,27653.1579
2023,zinc,refined_metal,EU27,1642809.432,1715508.2511,1888359.4847999997,1642809.432
2023,zinc,refined_metal,RoW,3927031.2221999997,3469698.7592,3929450.3354,3927031.2221999997
2023,zinc,scrap,China,4573.264499999999,39600.6665,2564.2705,2564.2705
2023,zinc,scrap,EU27,498954.922,503255.314,610404.5705,498954.922
2023,zinc,scrap,RoW,553257.453,513929.659,553257.453,553257.453
2024,nickel,concentrates,China,272585.96405,38804801.290249996,5588.6318,5588.6318
2024,nickel,concentrates,EU27,114760.89985,218500.35985,114760.89985,114760.89985
2024,nickel,concentrates,RoW,53220342.62055,14584387.834350001,53220342.62055,53220342.62055
2024,nickel,refined_metal,China,61221.933950000006,1530928.8437499998,17831.84695,17831.84695
2024,nickel,refined_metal,EU27,242689.77414999998,431506.13814999996,242689.77414999998,242689.77414999998
2024,nickel,refined_metal,RoW,2404577.50945,746054.2356499999,2140589.7075,2140589.7075
2024,nickel,scrap,China,6165.647,4640.359,5903.456,5903.456
2024,nickel,scrap,EU27,60181.45,53922.616,48188.906,48188.906
2024,nickel,scrap,RoW,136824.677,144608.799,141485.20500000002,136824.677
2024,tin,concentrates,China,361.21799999999996,81262.44200000001,138.48999999999998,138.48999999999998
2024,tin,concentrates,EU27,734.101,1315.2250000000001,1541.393,734.101
2024,tin,concentrates,RoW,113088.297,31605.949,100114.25,100114.25
2024,tin,refined_metal,China,18550.492,25143.521,18550.492,18550.492
2024,tin,refined_metal,EU27,45173.212999999996,81560.053,44540.593,44540.593
2024,tin,refined_metal,RoW,185612.337,142632.468,220412.923,185612.337
2024,tin,scrap,China,165.596,1533.664,144.23000000000002,144.23000000000002
2024,tin,scrap,EU27,6439.322999999999,9049.249,6439.322999999999,6439.322999999999
2024,tin,scrap,RoW,94323.018,90345.024,94323.018,94323.018
2024,zinc,concentrates,China,8045.503900000001,4154578.6905,3782.4108,3782.4108
2024,zinc,concentrates,EU27,1499555.9139999999,3089202.0724,2240870.9192000004,1499555.9139999999
2024,zinc,concentrates,RoW,10394790.1533,4658610.808300001,10394790.1533,10394790.1533
2024,zinc,refined_metal,China,30301.655600000002,490617.69550000003,36821.5882,30301.655600000002
2024,zinc,refined_metal,EU27,6861277.251499999,1569629.2221000001,1888359.4847999997,1888359.4847999997
2024,zinc,refined_metal,RoW,3413001.6527,8244333.642200001,3927031.2221999997,3413001.6527
2024,zinc,scrap,China,309.0485,51892.57200000001,1481.055,309.0485
2024,zinc,scrap,EU27,466468.2285,486234.1555,590063.242,466468.2285
2024,zinc,scrap,RoW,467802.201,396452.75049999997,553257.453,467802.201
